Num threads,Time,Num points,Dimensions,Num clusters,Bandwidth
7,5.62877,10000,2,5,1
8,5.45452,10000,2,5,1
7,5.71591,10000,3,5,1
8,5.703,10000,3,5,1
7,5.53308,10000,2,6,2
8,5.49481,10000,2,6,2
7,5.8747,10000,3,5,2
8,5.73921,10000,3,5,2
7,5.54608,10000,2,7,5
8,5.49408,10000,2,7,5
7,5.73247,10000,3,5,5
8,5.72763,10000,3,5,5
7,5.54915,10000,2,7,10
8,5.49044,10000,2,7,10
7,5.74676,10000,3,5,10
8,5.72371,10000,3,5,10
